alpha,n,t,err
0.05,0,0,0.48040667565316725
0.05,1,0,0.39601211112962925
0.05,2,0,0.4537501267640914
0.05,3,0,0.4342607798592926
0.05,4,0,0.45467955672032156
0.05,5,0,0.4914562120267237
0.05,6,0,0.31619963482623376
0.05,7,0,0.2724129300520584
0.05,8,0,0.43290227765162037
0.05,9,0,0.48578980747434286
0.15000000000000002,0,49999,0.42632879873693574
0.15000000000000002,1,49999,0.4088351951492419
0.15000000000000002,2,49999,0.4003527019375616
0.15000000000000002,3,49999,0.3850188190347645
0.15000000000000002,4,49999,0.41661766310207765
0.15000000000000002,5,49999,0.3660636761915195
0.15000000000000002,6,49999,0.3718895826264225
0.15000000000000002,7,49999,0.46843413584538535
0.15000000000000002,8,49999,0.37179173148801103
0.15000000000000002,9,49999,0.3333331586684369
0.25000000000000006,0,49999,0.4341605273788608
0.25000000000000006,1,49999,0.4011406141775016
0.25000000000000006,2,49999,0.4029388157751566
0.25000000000000006,3,49999,0.44068702118881903
0.25000000000000006,4,49999,0.34807087234293843
0.25000000000000006,5,49999,0.4283074310766528
0.25000000000000006,6,49999,0.2763394915283784
0.25000000000000006,7,49999,0.35976292752717665
0.25000000000000006,8,49999,0.34241557358255414
0.25000000000000006,9,49999,0.4270093399626283
0.35000000000000003,0,49999,0.3339569900291465
0.35000000000000003,1,49999,0.33162889137103974
0.35000000000000003,2,49999,0.3948203510885607
0.35000000000000003,3,49999,0.2592432410446213
0.35000000000000003,4,49999,0.3565798162868764
0.35000000000000003,5,49999,0.3138989717415736
0.35000000000000003,6,49999,0.36811700774817685
0.35000000000000003,7,49999,0.3464386684225441
0.35000000000000003,8,49999,0.3302495308422703
0.35000000000000003,9,49999,0.30203484101608824
0.45000000000000007,0,49999,0.33040847204601487
0.45000000000000007,1,49999,0.3728095938339139
0.45000000000000007,2,49999,0.36978716596708844
0.45000000000000007,3,49999,0.3446358084599564
0.45000000000000007,4,49999,0.35015383371667264
0.45000000000000007,5,49999,0.41031323509391837
0.45000000000000007,6,49999,0.2434999616792418
0.45000000000000007,7,49999,0.3094644745255357
0.45000000000000007,8,49999,0.24123079742787706
0.45000000000000007,9,49999,0.3545092323363346
0.5500000000000002,0,49999,0.3201252315715824
0.5500000000000002,1,49999,0.3519598851048784
0.5500000000000002,2,49999,0.3129603999102791
0.5500000000000002,3,49999,0.27645705685709954
0.5500000000000002,4,49999,0.2736875695357074
0.5500000000000002,5,49999,0.3243279290056484
0.5500000000000002,6,49999,0.390146892648885
0.5500000000000002,7,49999,0.3144207810686411
0.5500000000000002,8,49999,0.3655067784852829
0.5500000000000002,9,49999,0.3862640565398586
0.6500000000000001,0,49999,0.2892470661469602
0.6500000000000001,1,49999,0.2536777134291041
0.6500000000000001,2,49999,0.19399944512132306
0.6500000000000001,3,49999,0.37866253489222534
0.6500000000000001,4,49999,0.296600231205853
0.6500000000000001,5,49999,0.2946930760838799
0.6500000000000001,6,49999,0.3470992179503006
0.6500000000000001,7,49999,0.2543628843803578
0.6500000000000001,8,49999,0.3198688000063664
0.6500000000000001,9,49999,0.34701859869053436
0.7500000000000002,0,49999,0.2640042698544092
0.7500000000000002,1,49999,0.337733234344002
0.7500000000000002,2,49999,0.2789378508778224
0.7500000000000002,3,49999,0.24902330185188162
0.7500000000000002,4,49999,0.2998869654936565
0.7500000000000002,5,49999,0.2888266242929001
0.7500000000000002,6,49999,0.37857531870184785
0.7500000000000002,7,49999,0.3328601852902047
0.7500000000000002,8,49999,0.344013194886657
0.7500000000000002,9,49999,0.3351339561338724
0.8500000000000002,0,49999,0.3331073328930837
0.8500000000000002,1,49999,0.2376256936495128
0.8500000000000002,2,49999,0.2848419352740595
0.8500000000000002,3,49999,0.32531659525521084
0.8500000000000002,4,49999,0.32398542321487017
0.8500000000000002,5,49999,0.24462955787821478
0.8500000000000002,6,49999,0.28627205035997694
0.8500000000000002,7,49999,0.30019899537560896
0.8500000000000002,8,49999,0.23472481442835655
0.8500000000000002,9,49999,0.3120535667147228
0.9500000000000002,0,49999,0.1847209692503215
0.9500000000000002,1,49999,0.29757770283164725
0.9500000000000002,2,49999,0.2519645481298501
0.9500000000000002,3,49999,0.2991744633676402
0.9500000000000002,4,49999,0.25510584104433637
0.9500000000000002,5,49999,0.28525002552790285
0.9500000000000002,6,49999,0.23397297046391893
0.9500000000000002,7,49999,0.24637327348794485
0.9500000000000002,8,49999,0.3181290077322347
0.9500000000000002,9,49999,0.2954244165412294
1.0500000000000003,0,49999,0.3333559583733804
1.0500000000000003,1,49999,0.2597574684648445
1.0500000000000003,2,49999,0.26808285224448086
1.0500000000000003,3,49999,0.30571443392555986
1.0500000000000003,4,49999,0.3083967324597599
1.0500000000000003,5,49999,0.25159660720899535
1.0500000000000003,6,49999,0.2357642641793281
1.0500000000000003,7,49999,0.2729315655751706
1.0500000000000003,8,49999,0.24594305775601719
1.0500000000000003,9,49999,0.29366005360005615
1.1500000000000004,0,49999,0.250577365577615
1.1500000000000004,1,49999,0.321111604804093
1.1500000000000004,2,49999,0.2604272564945267
1.1500000000000004,3,49999,0.1421420442186327
1.1500000000000004,4,49999,0.22698246432220792
1.1500000000000004,5,49999,0.22907374186771415
1.1500000000000004,6,49999,0.2450601176949328
1.1500000000000004,7,49999,0.23105070752196144
1.1500000000000004,8,49999,0.27900136075564796
1.1500000000000004,9,49999,0.25913034484339925
1.2500000000000002,0,49999,0.27962339904423744
1.2500000000000002,1,49999,0.19587637493655377
1.2500000000000002,2,49999,0.19315962615281404
1.2500000000000002,3,49999,0.23463786771377873
1.2500000000000002,4,49999,0.17763793999148975
1.2500000000000002,5,49999,0.18437409267594126
1.2500000000000002,6,49999,0.22862067397745625
1.2500000000000002,7,49999,0.2796402883753362
1.2500000000000002,8,49999,0.1956963252089083
1.2500000000000002,9,49999,0.23308852179770245
1.3500000000000003,0,49999,0.2157113642472422
1.3500000000000003,1,49999,0.22921726099318232
1.3500000000000003,2,49999,0.24133301026105022
1.3500000000000003,3,49999,0.3130958525429903
1.3500000000000003,4,49999,0.2096990851319686
1.3500000000000003,5,49999,0.25938864255532507
1.3500000000000003,6,49999,0.279081537415763
1.3500000000000003,7,49999,0.1722083788911492
1.3500000000000003,8,49999,0.2713668912971403
1.3500000000000003,9,49999,0.25296067582944576
1.4500000000000004,0,49999,0.21670780724632388
1.4500000000000004,1,49999,0.2669702211725005
1.4500000000000004,2,49999,0.16431456901892208
1.4500000000000004,3,49999,0.205484914713375
1.4500000000000004,4,49999,0.22393306326122098
1.4500000000000004,5,49999,0.22519927256190497
1.4500000000000004,6,49999,0.20778539777170302
1.4500000000000004,7,49999,0.24604759194133943
1.4500000000000004,8,49999,0.23508862839881656
1.4500000000000004,9,49999,0.2934440936041138
1.5500000000000003,0,49999,0.22085088716110207
1.5500000000000003,1,49999,0.24320700621375352
1.5500000000000003,2,49999,0.1945103509970953
1.5500000000000003,3,49999,0.2665659989070783
1.5500000000000003,4,49999,0.2099517121506039
1.5500000000000003,5,49999,0.21533029314472424
1.5500000000000003,6,49999,0.21870539771391512
1.5500000000000003,7,49999,0.24660301093201
1.5500000000000003,8,49999,0.18407485487669453
1.5500000000000003,9,49999,0.23807726722751385
1.6500000000000004,0,49999,0.24418540853850051
1.6500000000000004,1,49999,0.20430245156908078
1.6500000000000004,2,49999,0.2805722162086741
1.6500000000000004,3,49999,0.18728964024044792
1.6500000000000004,4,49999,0.21663198522558502
1.6500000000000004,5,49999,0.21639168007400875
1.6500000000000004,6,49999,0.2135385680823464
1.6500000000000004,7,49999,0.21434695649830324
1.6500000000000004,8,49999,0.1945280591178187
1.6500000000000004,9,49999,0.22320579060639612
1.7500000000000004,0,49999,0.19360117621773767
1.7500000000000004,1,49999,0.21512776209507536
1.7500000000000004,2,49999,0.21078591311328332
1.7500000000000004,3,49999,0.21719868489666844
1.7500000000000004,4,49999,0.2630284034467707
1.7500000000000004,5,49999,0.2567084165220752
1.7500000000000004,6,49999,0.16684169650813957
1.7500000000000004,7,49999,0.22017571818000356
1.7500000000000004,8,49999,0.29888345022103996
1.7500000000000004,9,49999,0.17151865010011758
1.8500000000000003,0,49999,0.22361128271781533
1.8500000000000003,1,49999,0.27333247682817147
1.8500000000000003,2,49999,0.21150517450791115
1.8500000000000003,3,49999,0.18413806770185592
1.8500000000000003,4,49999,0.22440166533311506
1.8500000000000003,5,49999,0.21473694698380705
1.8500000000000003,6,49999,0.1577204015100143
1.8500000000000003,7,49999,0.20851289492422764
1.8500000000000003,8,49999,0.19837500611562803
1.8500000000000003,9,49999,0.22782826425843763
1.9500000000000004,0,49999,0.16238185026005378
1.9500000000000004,1,49999,0.16761485522395714
1.9500000000000004,2,49999,0.22726013345277413
1.9500000000000004,3,49999,0.13190875681726386
1.9500000000000004,4,49999,0.18477884040426956
1.9500000000000004,5,49999,0.19320385590381148
1.9500000000000004,6,49999,0.23401313004895544
1.9500000000000004,7,49999,0.20666341239919142
1.9500000000000004,8,49999,0.11888095600973796
1.9500000000000004,9,49999,0.21240125001469673
2.0500000000000003,0,49999,0.18028159328784166
2.0500000000000003,1,49999,0.2168550428052749
2.0500000000000003,2,49999,0.18797202585016087
2.0500000000000003,3,49999,0.15359440817760553
2.0500000000000003,4,49999,0.1958751624244876
2.0500000000000003,5,49999,0.21824288001660017
2.0500000000000003,6,49999,0.1645407656640213
2.0500000000000003,7,49999,0.20997974502883363
2.0500000000000003,8,49999,0.1666017840366114
2.0500000000000003,9,49999,0.20323400319147256
2.1500000000000004,0,49999,0.18349825065337017
2.1500000000000004,1,49999,0.1680295470213687
2.1500000000000004,2,49999,0.1667686306486378
2.1500000000000004,3,49999,0.20935124196607519
2.1500000000000004,4,49999,0.19807848989426524
2.1500000000000004,5,49999,0.16201622203130725
2.1500000000000004,6,49999,0.19394493447641856
2.1500000000000004,7,49999,0.2302144670116355
2.1500000000000004,8,49999,0.16465629262538145
2.1500000000000004,9,49999,0.225296111155031
2.2500000000000004,0,49999,0.2024233213498974
2.2500000000000004,1,49999,0.23372584497113982
2.2500000000000004,2,49999,0.15467238703290737
2.2500000000000004,3,49999,0.19119384838895323
2.2500000000000004,4,49999,0.14635071629068602
2.2500000000000004,5,49999,0.13277875841074938
2.2500000000000004,6,49999,0.1637623923703696
2.2500000000000004,7,49999,0.1556361746712124
2.2500000000000004,8,49999,0.1302127656477203
2.2500000000000004,9,49999,0.1466205361072913
2.35,0,49999,0.16680783069226254
2.35,1,49999,0.17010332764800493
2.35,2,49999,0.17856265581755698
2.35,3,49999,0.1738714421191878
2.35,4,49999,0.11881186858366796
2.35,5,49999,0.13511599363723986
2.35,6,49999,0.1929524746598423
2.35,7,49999,0.17196739471107275
2.35,8,49999,0.1585411264656398
2.35,9,49999,0.21657039955389376
2.45,0,49999,0.22032445494817998
2.45,1,49999,0.2039107682322692
2.45,2,49999,0.15333015682049314
2.45,3,49999,0.13627037940960757
2.45,4,49999,0.16945913570151633
2.45,5,49999,0.17270770649700545
2.45,6,49999,0.13360112155334303
2.45,7,49999,0.17835456838923136
2.45,8,49999,0.1283644700881199
2.45,9,49999,0.1812490801350636
2.5500000000000003,0,49999,0.1362039784338495
2.5500000000000003,1,49999,0.14220140958790722
2.5500000000000003,2,49999,0.13941761660184573
2.5500000000000003,3,49999,0.18934981337750528
2.5500000000000003,4,49999,0.15381846004219257
2.5500000000000003,5,49999,0.20677345182521986
2.5500000000000003,6,49999,0.15562479922594258
2.5500000000000003,7,49999,0.1527534527893463
2.5500000000000003,8,49999,0.12613707957204245
2.5500000000000003,9,49999,0.13962399259857355
2.6500000000000004,0,49999,0.15370451435375557
2.6500000000000004,1,49999,0.16559116215796896
2.6500000000000004,2,49999,0.17769604844307305
2.6500000000000004,3,49999,0.2128820340217345
2.6500000000000004,4,49999,0.18463796554965725
2.6500000000000004,5,49999,0.191692614444724
2.6500000000000004,6,49999,0.12330322944277648
2.6500000000000004,7,49999,0.20293657024310882
2.6500000000000004,8,49999,0.15676935030191816
2.6500000000000004,9,49999,0.19504911729386024
2.7500000000000004,0,49999,0.12813634206455723
2.7500000000000004,1,49999,0.15232574911753805
2.7500000000000004,2,49999,0.1885853138080866
2.7500000000000004,3,49999,0.13098637466750027
2.7500000000000004,4,49999,0.20697516948818082
2.7500000000000004,5,49999,0.10157566750405825
2.7500000000000004,6,49999,0.14876589363152382
2.7500000000000004,7,49999,0.14229668794694267
2.7500000000000004,8,49999,0.22494767209382444
2.7500000000000004,9,49999,0.16104219682476686
2.8500000000000005,0,49999,0.17134174441736544
2.8500000000000005,1,49999,0.197867445873701
2.8500000000000005,2,49999,0.16415587015222516
2.8500000000000005,3,49999,0.15426161391246612
2.8500000000000005,4,49999,0.19165015168456612
2.8500000000000005,5,49999,0.1437226380152102
2.8500000000000005,6,49999,0.19627347894052388
2.8500000000000005,7,49999,0.17633839277645202
2.8500000000000005,8,49999,0.15608643865772898
2.8500000000000005,9,49999,0.1692770564092721
2.95,0,49999,0.15043846298345584
2.95,1,49999,0.1134404837665584
2.95,2,49999,0.142666487536566
2.95,3,49999,0.17619510157550375
2.95,4,49999,0.11765663800090372
2.95,5,49999,0.09691225253345312
2.95,6,49999,0.12596442253442974
2.95,7,49999,0.17322254929134998
2.95,8,49999,0.12354554229243904
2.95,9,49999,0.17262303361378703
3.0500000000000003,0,49999,0.15732786502403698
3.0500000000000003,1,49999,0.12463352306625176
3.0500000000000003,2,49999,0.14350775397279986
3.0500000000000003,3,49999,0.1520216636441635
3.0500000000000003,4,49999,0.15027196470885482
3.0500000000000003,5,49999,0.14832805534502433
3.0500000000000003,6,49999,0.17403734633866383
3.0500000000000003,7,49999,0.17172283786131312
3.0500000000000003,8,49999,0.12780227297337884
3.0500000000000003,9,49999,0.16673605226689747
3.1500000000000004,0,49999,0.16201721200037267
3.1500000000000004,1,49999,0.11201993029729469
3.1500000000000004,2,49999,0.11235479253055163
3.1500000000000004,3,49999,0.1386799584815553
3.1500000000000004,4,49999,0.13089551965971277
3.1500000000000004,5,49999,0.18203840591825848
3.1500000000000004,6,49999,0.14782759426140085
3.1500000000000004,7,49999,0.131429457298417
3.1500000000000004,8,49999,0.13337988497295822
3.1500000000000004,9,49999,0.12194130251435567
3.2500000000000004,0,49999,0.19591735091207316
3.2500000000000004,1,49999,0.12879076322358596
3.2500000000000004,2,49999,0.12156002470620085
3.2500000000000004,3,49999,0.10692880872741248
3.2500000000000004,4,49999,0.16146117323611642
3.2500000000000004,5,49999,0.1279087717273079
3.2500000000000004,6,49999,0.18322481359334805
3.2500000000000004,7,49999,0.13693421874430609
3.2500000000000004,8,49999,0.1427807393736643
3.2500000000000004,9,49999,0.11849807711740729
3.3500000000000005,0,49999,0.1514040680309549
3.3500000000000005,1,49999,0.12649397787177388
3.3500000000000005,2,49999,0.15083803485002142
3.3500000000000005,3,49999,0.13684950633476475
3.3500000000000005,4,49999,0.17696850633167832
3.3500000000000005,5,49999,0.1111324431952072
3.3500000000000005,6,49999,0.19572799108085526
3.3500000000000005,7,49999,0.10991441017987623
3.3500000000000005,8,49999,0.12824149512888763
3.3500000000000005,9,49999,0.11831202876084065
3.4500000000000006,0,49999,0.12311556338572378
3.4500000000000006,1,49999,0.15259686887569093
3.4500000000000006,2,49999,0.1381050415644532
3.4500000000000006,3,49999,0.17913068635002383
3.4500000000000006,4,49999,0.119294855779247
3.4500000000000006,5,49999,0.14442578834562939
3.4500000000000006,6,49999,0.1403893116987423
3.4500000000000006,7,49999,0.15211074568479777
3.4500000000000006,8,49999,0.14020886313490724
3.4500000000000006,9,49999,0.1907648465235166
3.5500000000000007,0,49999,0.1346560522387581
3.5500000000000007,1,49999,0.10772848256243062
3.5500000000000007,2,49999,0.15297400382664622
3.5500000000000007,3,49999,0.1359245153050476
3.5500000000000007,4,49999,0.15704907433595205
3.5500000000000007,5,49999,0.1172041265378599
3.5500000000000007,6,49999,0.1359379443653722
3.5500000000000007,7,49999,0.1315512121557561
3.5500000000000007,8,49999,0.15487346921790557
3.5500000000000007,9,49999,0.14668676058784536
3.6500000000000004,0,49999,0.09855759834893275
3.6500000000000004,1,49999,0.14755660622160316
3.6500000000000004,2,49999,0.13816505120493097
3.6500000000000004,3,49999,0.0938038574336509
3.6500000000000004,4,49999,0.170407530187227
3.6500000000000004,5,49999,0.1625210423913301
3.6500000000000004,6,49999,0.1788061791359262
3.6500000000000004,7,49999,0.10733342850042359
3.6500000000000004,8,49999,0.1424946700533756
3.6500000000000004,9,49999,0.14621954577819932
3.7500000000000004,0,49999,0.10378457769376649
3.7500000000000004,1,49999,0.12312271764118277
3.7500000000000004,2,49999,0.14905744204061777
3.7500000000000004,3,49999,0.1159038265845368
3.7500000000000004,4,49999,0.1838348136126419
3.7500000000000004,5,49999,0.12564443985669105
3.7500000000000004,6,49999,0.12532730812511472
3.7500000000000004,7,49999,0.12310102067630509
3.7500000000000004,8,49999,0.17339433488749043
3.7500000000000004,9,49999,0.11288144989756616
3.8500000000000005,0,49999,0.13158396599961067
3.8500000000000005,1,49999,0.13905207932284508
3.8500000000000005,2,49999,0.10862958884261653
3.8500000000000005,3,49999,0.1306537392141262
3.8500000000000005,4,49999,0.17260097803812577
3.8500000000000005,5,49999,0.192191679576835
3.8500000000000005,6,49999,0.1339828510287633
3.8500000000000005,7,49999,0.09996616551584675
3.8500000000000005,8,49999,0.08572251225779923
3.8500000000000005,9,49999,0.08842653005271382
3.9500000000000006,0,49999,0.14518513498810404
3.9500000000000006,1,49999,0.15012331676096677
3.9500000000000006,2,49999,0.08742901135033652
3.9500000000000006,3,49999,0.09889826426770021
3.9500000000000006,4,49999,0.11700366949809816
3.9500000000000006,5,49999,0.10793393175630983
3.9500000000000006,6,49999,0.14863982028981568
3.9500000000000006,7,49999,0.1385405235750253
3.9500000000000006,8,49999,0.15827697727824777
3.9500000000000006,9,49999,0.0972430295473494
4.050000000000001,0,49999,0.15729726631032093
4.050000000000001,1,49999,0.13338893585105932
4.050000000000001,2,49999,0.13023548292370876
4.050000000000001,3,49999,0.11406554770290446
4.050000000000001,4,49999,0.14492919735836135
4.050000000000001,5,49999,0.089999635404595
4.050000000000001,6,49999,0.12455802122526821
4.050000000000001,7,49999,0.10547364922624296
4.050000000000001,8,49999,0.14840571387711807
4.050000000000001,9,49999,0.14231883055018948
4.15,0,49999,0.13961467802295996
4.15,1,49999,0.13702870314634263
4.15,2,49999,0.12105727793060948
4.15,3,49999,0.12907671168613605
4.15,4,49999,0.11296851466921844
4.15,5,49999,0.10479847805944298
4.15,6,49999,0.12398011610564857
4.15,7,49999,0.1299870572226079
4.15,8,49999,0.09695183873600315
4.15,9,49999,0.08777849729217138
4.250000000000001,0,49999,0.15390292619664372
4.250000000000001,1,49999,0.09219410522557263
4.250000000000001,2,49999,0.10404381626553554
4.250000000000001,3,49999,0.14629130728846354
4.250000000000001,4,49999,0.11116080127445742
4.250000000000001,5,49999,0.09971927359762477
4.250000000000001,6,49999,0.13645761527817615
4.250000000000001,7,49999,0.08651020809490939
4.250000000000001,8,49999,0.13298560485894265
4.250000000000001,9,49999,0.11177475428168157
4.3500000000000005,0,49999,0.12345502551746196
4.3500000000000005,1,49999,0.12498680451955824
4.3500000000000005,2,49999,0.08937696370556325
4.3500000000000005,3,49999,0.12766561202233725
4.3500000000000005,4,49999,0.12542019926903844
4.3500000000000005,5,49999,0.08645771084080636
4.3500000000000005,6,49999,0.10369315446076403
4.3500000000000005,7,49999,0.17133981214700592
4.3500000000000005,8,49999,0.1180382242366153
4.3500000000000005,9,49999,0.1269801204318816
4.450000000000001,0,49999,0.11279722396880534
4.450000000000001,1,49999,0.11751726131935994
4.450000000000001,2,49999,0.0941570805609053
4.450000000000001,3,49999,0.11977516259622882
4.450000000000001,4,49999,0.12651855455182195
4.450000000000001,5,49999,0.09100912508870856
4.450000000000001,6,49999,0.10750570137622369
4.450000000000001,7,49999,0.144708059126414
4.450000000000001,8,49999,0.11246618592644615
4.450000000000001,9,49999,0.1996344211546664
4.550000000000001,0,49999,0.14486930377264462
4.550000000000001,1,49999,0.1306210384364376
4.550000000000001,2,49999,0.11525228302919843
4.550000000000001,3,49999,0.15150423037373567
4.550000000000001,4,49999,0.1481640958096726
4.550000000000001,5,49999,0.11579901437004214
4.550000000000001,6,49999,0.08707644958194634
4.550000000000001,7,49999,0.09161116379743574
4.550000000000001,8,49999,0.12198986746148069
4.550000000000001,9,49999,0.11924650792289336
4.65,0,49999,0.10532047217277093
4.65,1,49999,0.1115187814922657
4.65,2,49999,0.1251250846212525
4.65,3,49999,0.14042964380443665
4.65,4,49999,0.14668394253531594
4.65,5,49999,0.13907776180238396
4.65,6,49999,0.11669060925384583
4.65,7,49999,0.10045369171040834
4.65,8,49999,0.15625697471788538
4.65,9,49999,0.12564829395869628
4.750000000000001,0,49999,0.11815142808692963
4.750000000000001,1,49999,0.09630247074642352
4.750000000000001,2,49999,0.10927042566697547
4.750000000000001,3,49999,0.120072646075539
4.750000000000001,4,49999,0.10238188879072033
4.750000000000001,5,49999,0.1160892982959058
4.750000000000001,6,49999,0.1404362118638426
4.750000000000001,7,49999,0.08128971339286546
4.750000000000001,8,49999,0.10733264390693482
4.750000000000001,9,49999,0.10959647087404441
4.8500000000000005,0,49999,0.12653379717085267
4.8500000000000005,1,49999,0.11610374850153139
4.8500000000000005,2,49999,0.0931432300787827
4.8500000000000005,3,49999,0.13512980553535917
4.8500000000000005,4,49999,0.13390264682165856
4.8500000000000005,5,49999,0.16630794947137217
4.8500000000000005,6,49999,0.13245078857286846
4.8500000000000005,7,49999,0.11314999941923932
4.8500000000000005,8,49999,0.09613018665510238
4.8500000000000005,9,49999,0.09977572734922598
4.950000000000001,0,49999,0.10696251948331917
4.950000000000001,1,49999,0.11898801954779893
4.950000000000001,2,49999,0.0910536630290169
4.950000000000001,3,49999,0.1287706628101755
4.950000000000001,4,49999,0.13167789020468632
4.950000000000001,5,49999,0.11046106603897307
4.950000000000001,6,49999,0.11233792493463483
4.950000000000001,7,49999,0.11969646103921334
4.950000000000001,8,49999,0.10053161412081986
4.950000000000001,9,49999,0.134475108410835
5.050000000000001,0,49999,0.12160809704822607
5.050000000000001,1,49999,0.12217948023101322
5.050000000000001,2,49999,0.1110021527418187
5.050000000000001,3,49999,0.11613735982681526
5.050000000000001,4,49999,0.13199538576274575
5.050000000000001,5,49999,0.11826037929855937
5.050000000000001,6,49999,0.10662366746756112
5.050000000000001,7,49999,0.09933195951275234
5.050000000000001,8,49999,0.08940159117521845
5.050000000000001,9,49999,0.10991595512241972
5.150000000000001,0,49999,0.08498428535449451
5.150000000000001,1,49999,0.0839894969914675
5.150000000000001,2,49999,0.09690560312973588
5.150000000000001,3,49999,0.1270826619834756
5.150000000000001,4,49999,0.12208383800918292
5.150000000000001,5,49999,0.1181650846835767
5.150000000000001,6,49999,0.10050551612716525
5.150000000000001,7,49999,0.12698028397851865
5.150000000000001,8,49999,0.15013563663490487
5.150000000000001,9,49999,0.09285234992286945
5.250000000000001,0,49999,0.09578362692364081
5.250000000000001,1,49999,0.09695712892743838
5.250000000000001,2,49999,0.10736513992912122
5.250000000000001,3,49999,0.10864397135566671
5.250000000000001,4,49999,0.11950190782607115
5.250000000000001,5,49999,0.10945627004516503
5.250000000000001,6,49999,0.11121901410585945
5.250000000000001,7,49999,0.11547656916799981
5.250000000000001,8,49999,0.10277586481411119
5.250000000000001,9,49999,0.08460731821310262
5.3500000000000005,0,49999,0.12574843095065494
5.3500000000000005,1,49999,0.10972051994356717
5.3500000000000005,2,49999,0.11617265072238393
5.3500000000000005,3,49999,0.12776242702660498
5.3500000000000005,4,49999,0.09992195970201084
5.3500000000000005,5,49999,0.09683812022815373
5.3500000000000005,6,49999,0.0948205459981918
5.3500000000000005,7,49999,0.11289251280389022
5.3500000000000005,8,49999,0.06774144496198073
5.3500000000000005,9,49999,0.11321686939949623
5.450000000000001,0,49999,0.09704821308752755
5.450000000000001,1,49999,0.12194691429180379
5.450000000000001,2,49999,0.105482050705881
5.450000000000001,3,49999,0.10126885321245221
5.450000000000001,4,49999,0.12928898632161678
5.450000000000001,5,49999,0.1086511592039341
5.450000000000001,6,49999,0.0722017935107412
5.450000000000001,7,49999,0.08308775526135953
5.450000000000001,8,49999,0.11682888888294493
5.450000000000001,9,49999,0.12651513379064663
5.550000000000001,0,49999,0.11311221680525782
5.550000000000001,1,49999,0.10537757579596292
5.550000000000001,2,49999,0.11950403422757908
5.550000000000001,3,49999,0.1086919575230992
5.550000000000001,4,49999,0.11099806125156851
5.550000000000001,5,49999,0.11195875496018093
5.550000000000001,6,49999,0.1037154133044852
5.550000000000001,7,49999,0.09200835866381292
5.550000000000001,8,49999,0.1160696747530289
5.550000000000001,9,49999,0.07526619185040805
5.650000000000001,0,49999,0.1323902291686997
5.650000000000001,1,49999,0.12524641587071902
5.650000000000001,2,49999,0.10075142996013563
5.650000000000001,3,49999,0.09940615297432666
5.650000000000001,4,49999,0.0949684939211125
5.650000000000001,5,49999,0.08594121093539324
5.650000000000001,6,49999,0.11710912811975327
5.650000000000001,7,49999,0.10727080019913225
5.650000000000001,8,49999,0.1142638261325132
5.650000000000001,9,49999,0.126180379932621
5.750000000000001,0,49999,0.09866412586098659
5.750000000000001,1,49999,0.13354976750216316
5.750000000000001,2,49999,0.10772136141488382
5.750000000000001,3,49999,0.10167273334524744
5.750000000000001,4,49999,0.11452225988014504
5.750000000000001,5,49999,0.07978426487355672
5.750000000000001,6,49999,0.13186862634872387
5.750000000000001,7,49999,0.11117852425953283
5.750000000000001,8,49999,0.116973200766303
5.750000000000001,9,49999,0.08086750899405452
5.8500000000000005,0,49999,0.13787643633789792
5.8500000000000005,1,49999,0.08730025220474531
5.8500000000000005,2,49999,0.10809889808397077
5.8500000000000005,3,49999,0.11743038851087517
5.8500000000000005,4,49999,0.11878645756208049
5.8500000000000005,5,49999,0.14467336603551875
5.8500000000000005,6,49999,0.12437357253243496
5.8500000000000005,7,49999,0.11196396448392773
5.8500000000000005,8,49999,0.09473562235341917
5.8500000000000005,9,49999,0.10477887976873626
5.950000000000001,0,49999,0.10489575277013284
5.950000000000001,1,49999,0.12131416887268724
5.950000000000001,2,49999,0.1143701090073867
5.950000000000001,3,49999,0.09730254190848531
5.950000000000001,4,49999,0.11239878248268746
5.950000000000001,5,49999,0.08469387026116057
5.950000000000001,6,49999,0.10862946357844573
5.950000000000001,7,49999,0.09731897875967123
5.950000000000001,8,49999,0.11303460029965992
5.950000000000001,9,49999,0.08889636272155053
6.050000000000001,0,49999,0.08974240618049216
6.050000000000001,1,49999,0.1291230747735983
6.050000000000001,2,49999,0.11126138314677544
6.050000000000001,3,49999,0.09457797258644425
6.050000000000001,4,49999,0.10490943425863412
6.050000000000001,5,49999,0.11799108516171807
6.050000000000001,6,49999,0.1263781091687464
6.050000000000001,7,49999,0.06910289900861692
6.050000000000001,8,49999,0.11433699341766505
6.050000000000001,9,49999,0.09833524420690279
6.150000000000001,0,49999,0.12147605659081834
6.150000000000001,1,49999,0.09620379217150676
6.150000000000001,2,49999,0.09073213116218962
6.150000000000001,3,49999,0.10740809227462798
6.150000000000001,4,49999,0.08704923079048389
6.150000000000001,5,49999,0.10654355214887838
6.150000000000001,6,49999,0.0943581753272579
6.150000000000001,7,49999,0.10508572838340474
6.150000000000001,8,49999,0.06533638754322939
6.150000000000001,9,49999,0.11037115524810581
6.250000000000001,0,49999,0.12067968787784959
6.250000000000001,1,49999,0.1183191503553771
6.250000000000001,2,49999,0.08908017913342096
6.250000000000001,3,49999,0.09236648723681326
6.250000000000001,4,49999,0.10016502194646457
6.250000000000001,5,49999,0.09538119916098038
6.250000000000001,6,49999,0.08060043345071026
6.250000000000001,7,49999,0.12866508968955037
6.250000000000001,8,49999,0.0962246216944753
6.250000000000001,9,49999,0.10459253980937756
6.350000000000001,0,49999,0.11523857119363519
6.350000000000001,1,49999,0.10411434832314585
6.350000000000001,2,49999,0.12160116607120053
6.350000000000001,3,49999,0.08765098726725369
6.350000000000001,4,49999,0.09755292169392822
6.350000000000001,5,49999,0.08867464418704295
6.350000000000001,6,49999,0.09906762377534274
6.350000000000001,7,49999,0.10324550066530482
6.350000000000001,8,49999,0.08041550574527084
6.350000000000001,9,49999,0.09763558852340665
6.450000000000001,0,49999,0.12758307171292796
6.450000000000001,1,49999,0.09159861371006334
6.450000000000001,2,49999,0.08289665920554753
6.450000000000001,3,49999,0.09446002522897949
6.450000000000001,4,49999,0.10116278516321905
6.450000000000001,5,49999,0.09117173446556491
6.450000000000001,6,49999,0.12443381659426107
6.450000000000001,7,49999,0.10903386543996185
6.450000000000001,8,49999,0.09692728741098204
6.450000000000001,9,49999,0.11146160208074782
6.550000000000001,0,49999,0.09986308990894019
6.550000000000001,1,49999,0.09846823365187256
6.550000000000001,2,49999,0.08489129478693079
6.550000000000001,3,49999,0.08701607333473854
6.550000000000001,4,49999,0.08864535607464843
6.550000000000001,5,49999,0.10487535189105433
6.550000000000001,6,49999,0.0946838019077059
6.550000000000001,7,49999,0.10653161426134644
6.550000000000001,8,49999,0.11550866347414432
6.550000000000001,9,49999,0.12256034335661384
6.650000000000001,0,49999,0.10626068667099563
6.650000000000001,1,49999,0.1091782305184364
6.650000000000001,2,49999,0.09949965721198276
6.650000000000001,3,49999,0.09754994965445636
6.650000000000001,4,49999,0.07597752375671335
6.650000000000001,5,49999,0.11618600966384679
6.650000000000001,6,49999,0.0981264121651986
6.650000000000001,7,49999,0.10767816877955005
6.650000000000001,8,49999,0.0887079307523244
6.650000000000001,9,49999,0.09164385081267681
6.750000000000001,0,49999,0.08608844970672072
6.750000000000001,1,49999,0.0932908174167205
6.750000000000001,2,49999,0.1162994751040505
6.750000000000001,3,49999,0.08439158516921894
6.750000000000001,4,49999,0.1426567778863426
6.750000000000001,5,49999,0.08714894176265812
6.750000000000001,6,49999,0.11816330670528907
6.750000000000001,7,49999,0.09105898730719802
6.750000000000001,8,49999,0.1425132302407524
6.750000000000001,9,49999,0.07854719551441036
6.850000000000001,0,49999,0.08993562832671168
6.850000000000001,1,49999,0.12081384300600849
6.850000000000001,2,49999,0.07871798270592774
6.850000000000001,3,49999,0.11857385317328151
6.850000000000001,4,49999,0.09183886265338213
6.850000000000001,5,49999,0.07462931473172425
6.850000000000001,6,49999,0.11027227404999108
6.850000000000001,7,49999,0.07108451621416767
6.850000000000001,8,49999,0.10252293645650952
6.850000000000001,9,49999,0.13473981799584078
6.950000000000001,0,49999,0.08498497388405567
6.950000000000001,1,49999,0.08852984890063412
6.950000000000001,2,49999,0.10665946679862809
6.950000000000001,3,49999,0.13791421583406255
6.950000000000001,4,49999,0.11176107759490697
6.950000000000001,5,49999,0.07859587096304041
6.950000000000001,6,49999,0.09987683672729204
6.950000000000001,7,49999,0.1107092319476234
6.950000000000001,8,49999,0.10197823910230344
6.950000000000001,9,49999,0.09250838471966176
7.050000000000002,0,49999,0.1019521143480265
7.050000000000002,1,49999,0.10073464747324368
7.050000000000002,2,49999,0.08638023378043569
7.050000000000002,3,49999,0.12174396225858938
7.050000000000002,4,49999,0.0823518530472894
7.050000000000002,5,49999,0.11327654503076642
7.050000000000002,6,49999,0.08350785396048538
7.050000000000002,7,49999,0.08566457048804305
7.050000000000002,8,49999,0.10758307310240013
7.050000000000002,9,49999,0.1082930727639756
7.150000000000001,0,49999,0.08030479560283112
7.150000000000001,1,49999,0.09219320211902207
7.150000000000001,2,49999,0.10242661145220706
7.150000000000001,3,49999,0.10619859185881464
7.150000000000001,4,49999,0.10560831433431933
7.150000000000001,5,49999,0.0993766908692978
7.150000000000001,6,49999,0.07662035758048866
7.150000000000001,7,49999,0.109480214243365
7.150000000000001,8,49999,0.10286914144778223
7.150000000000001,9,49999,0.11246490727512969
7.250000000000001,0,49999,0.11247193654504867
7.250000000000001,1,49999,0.1117126504444686
7.250000000000001,2,49999,0.12244610336210386
7.250000000000001,3,49999,0.0920896602899596
7.250000000000001,4,49999,0.09057689292438965
7.250000000000001,5,49999,0.10424013574264643
7.250000000000001,6,49999,0.0648819375395561
7.250000000000001,7,49999,0.09885689241637347
7.250000000000001,8,49999,0.08075747425791013
7.250000000000001,9,49999,0.11915695414988006
7.350000000000001,0,49999,0.06219851026491892
7.350000000000001,1,49999,0.09263391738771702
7.350000000000001,2,49999,0.0887294116065946
7.350000000000001,3,49999,0.09784532917092877
7.350000000000001,4,49999,0.11592430101974487
7.350000000000001,5,49999,0.11937526849750589
7.350000000000001,6,49999,0.10178990608562494
7.350000000000001,7,49999,0.1278524265466995
7.350000000000001,8,49999,0.1261241730696669
7.350000000000001,9,49999,0.09951142409943332
7.450000000000001,0,49999,0.1033789393260346
7.450000000000001,1,49999,0.11338388887147102
7.450000000000001,2,49999,0.09850307062710421
7.450000000000001,3,49999,0.0849217807393766
7.450000000000001,4,49999,0.10779855031230424
7.450000000000001,5,49999,0.07853174605009966
7.450000000000001,6,49999,0.11200590690753627
7.450000000000001,7,49999,0.08917805599871251
7.450000000000001,8,49999,0.08611374060662065
7.450000000000001,9,49999,0.1106365753442672
7.550000000000002,0,49999,0.09921167419861295
7.550000000000002,1,49999,0.10124146511759281
7.550000000000002,2,49999,0.1166143340801321
7.550000000000002,3,49999,0.08421272199389535
7.550000000000002,4,49999,0.09794632838776711
7.550000000000002,5,49999,0.10642259018839248
7.550000000000002,6,49999,0.12793560263360834
7.550000000000002,7,49999,0.06604043760339952
7.550000000000002,8,49999,0.09694187737469917
7.550000000000002,9,49999,0.09316193255440719
7.650000000000001,0,49999,0.06700226625716103
7.650000000000001,1,49999,0.11247524939434395
7.650000000000001,2,49999,0.0955661830239615
7.650000000000001,3,49999,0.0893344226936451
7.650000000000001,4,49999,0.09624263860778658
7.650000000000001,5,49999,0.11316441186329931
7.650000000000001,6,49999,0.09284180429808316
7.650000000000001,7,49999,0.10191145849066434
7.650000000000001,8,49999,0.0959953525008358
7.650000000000001,9,49999,0.08801283425402016
7.750000000000001,0,49999,0.10414396260757999
7.750000000000001,1,49999,0.10231881890434018
7.750000000000001,2,49999,0.09403158061161408
7.750000000000001,3,49999,0.09838555234656597
7.750000000000001,4,49999,0.09594761495025324
7.750000000000001,5,49999,0.09834369271600285
7.750000000000001,6,49999,0.08886846769836479
7.750000000000001,7,49999,0.09894328874913287
7.750000000000001,8,49999,0.11451453693396614
7.750000000000001,9,49999,0.11792147541205256
7.850000000000001,0,49999,0.1121819208080284
7.850000000000001,1,49999,0.1408366407055446
7.850000000000001,2,49999,0.10108129201048598
7.850000000000001,3,49999,0.0968203570074336
7.850000000000001,4,49999,0.11405305301655855
7.850000000000001,5,49999,0.09404866677776678
7.850000000000001,6,49999,0.07352727528074972
7.850000000000001,7,49999,0.10044887370653523
7.850000000000001,8,49999,0.08241710696216605
7.850000000000001,9,49999,0.08504949052435472
7.950000000000001,0,49999,0.10041751712966342
7.950000000000001,1,49999,0.08199460987138443
7.950000000000001,2,49999,0.08591471678654646
7.950000000000001,3,49999,0.08710875626774224
7.950000000000001,4,49999,0.10241262603127597
7.950000000000001,5,49999,0.09023396483932605
7.950000000000001,6,49999,0.10951942079933182
7.950000000000001,7,49999,0.08641277289373378
7.950000000000001,8,49999,0.12117704808820573
7.950000000000001,9,49999,0.08232314952632577
8.050000000000002,0,49999,0.09630782287461134
8.050000000000002,1,49999,0.09420874417520345
8.050000000000002,2,49999,0.07750882318176337
8.050000000000002,3,49999,0.07316768284540041
8.050000000000002,4,49999,0.09203618878121371
8.050000000000002,5,49999,0.09322228427078441
8.050000000000002,6,49999,0.10704151458374188
8.050000000000002,7,49999,0.11354631313965687
8.050000000000002,8,49999,0.10621242351840109
8.050000000000002,9,49999,0.08441980783076096
8.150000000000002,0,49999,0.11250254342358164
8.150000000000002,1,49999,0.08210746335875126
8.150000000000002,2,49999,0.08541023300554018
8.150000000000002,3,49999,0.09287236578985741
8.150000000000002,4,49999,0.08856270207149085
8.150000000000002,5,49999,0.1135056485405331
8.150000000000002,6,49999,0.11844272203419885
8.150000000000002,7,49999,0.08804685109881433
8.150000000000002,8,49999,0.09637055228046537
8.150000000000002,9,49999,0.10248214498218672
8.250000000000002,0,49999,0.0787621464803504
8.250000000000002,1,49999,0.07518691684979643
8.250000000000002,2,49999,0.09995192167725617
8.250000000000002,3,49999,0.09901272961950944
8.250000000000002,4,49999,0.09714161390400325
8.250000000000002,5,49999,0.09544581840507142
8.250000000000002,6,49999,0.09605101669399635
8.250000000000002,7,49999,0.07521013407031654
8.250000000000002,8,49999,0.09572904206925553
8.250000000000002,9,49999,0.12422103757180308
8.350000000000003,0,49999,0.10779691410798624
8.350000000000003,1,49999,0.07543485832888037
8.350000000000003,2,49999,0.08953378280276816
8.350000000000003,3,49999,0.09848894653622169
8.350000000000003,4,49999,0.08820207738857441
8.350000000000003,5,49999,0.10174109594176997
8.350000000000003,6,49999,0.11979576039448232
8.350000000000003,7,49999,0.07464921242734024
8.350000000000003,8,49999,0.11217342862459631
8.350000000000003,9,49999,0.08640923214056688
8.450000000000003,0,49999,0.09567215328329012
8.450000000000003,1,49999,0.09815545983980577
8.450000000000003,2,49999,0.11860885803625573
8.450000000000003,3,49999,0.1166310516535778
8.450000000000003,4,49999,0.07181394715648658
8.450000000000003,5,49999,0.09394148192256672
8.450000000000003,6,49999,0.11235110456486574
8.450000000000003,7,49999,0.07154339561209434
8.450000000000003,8,49999,0.09137287095951581
8.450000000000003,9,49999,0.07428202421558858
8.550000000000002,0,49999,0.08378225601028483
8.550000000000002,1,49999,0.1066163968528855
8.550000000000002,2,49999,0.08196851264145723
8.550000000000002,3,49999,0.08057600816213818
8.550000000000002,4,49999,0.08241760990796632
8.550000000000002,5,49999,0.0954574877963207
8.550000000000002,6,49999,0.10366064824409778
8.550000000000002,7,49999,0.08431347061536283
8.550000000000002,8,49999,0.0959854505861216
8.550000000000002,9,49999,0.11068283100776945
8.650000000000002,0,49999,0.08977543912855321
8.650000000000002,1,49999,0.08497481751927691
8.650000000000002,2,49999,0.1005178300263183
8.650000000000002,3,49999,0.10075126923353166
8.650000000000002,4,49999,0.07747361465033509
8.650000000000002,5,49999,0.10330044037536754
8.650000000000002,6,49999,0.10309234781929882
8.650000000000002,7,49999,0.08815463044748503
8.650000000000002,8,49999,0.09824127444743215
8.650000000000002,9,49999,0.08119360327764445
8.750000000000002,0,49999,0.07708412805365733
8.750000000000002,1,49999,0.09233673319101116
8.750000000000002,2,49999,0.0830084884593398
8.750000000000002,3,49999,0.12134047340426322
8.750000000000002,4,49999,0.11312434590441774
8.750000000000002,5,49999,0.09112207087418689
8.750000000000002,6,49999,0.09819157064144916
8.750000000000002,7,49999,0.09781994016840123
8.750000000000002,8,49999,0.09797715904317783
8.750000000000002,9,49999,0.08224682629794135
8.850000000000003,0,49999,0.10114092568607495
8.850000000000003,1,49999,0.08028558116768804
8.850000000000003,2,49999,0.09595934980441023
8.850000000000003,3,49999,0.07020444267253535
8.850000000000003,4,49999,0.07764967027722021
8.850000000000003,5,49999,0.10300928188063542
8.850000000000003,6,49999,0.08617305783113591
8.850000000000003,7,49999,0.09485699337634602
8.850000000000003,8,49999,0.09912761762201679
8.850000000000003,9,49999,0.07212533028082152
8.950000000000003,0,49999,0.06970630674553865
8.950000000000003,1,49999,0.07981152509086856
8.950000000000003,2,49999,0.08319258045920531
8.950000000000003,3,49999,0.10153662274050218
8.950000000000003,4,49999,0.08255126172268622
8.950000000000003,5,49999,0.07462144229733383
8.950000000000003,6,49999,0.08960659648394392
8.950000000000003,7,49999,0.09254956137638637
8.950000000000003,8,49999,0.10124941026105404
8.950000000000003,9,49999,0.08805161055759873
9.050000000000002,0,49999,0.09050834938720292
9.050000000000002,1,49999,0.09958939527487981
9.050000000000002,2,49999,0.09010532910885943
9.050000000000002,3,49999,0.12009718921312029
9.050000000000002,4,49999,0.06473180374536361
9.050000000000002,5,49999,0.09971909334647766
9.050000000000002,6,49999,0.10012125221096144
9.050000000000002,7,49999,0.09868616370596907
9.050000000000002,8,49999,0.08587285551604075
9.050000000000002,9,49999,0.0794921630991244
